{"main":"american-flights-api.raml","name":"American Flights API","organizationId":"7602c5a7-7f8e-4fec-99be-51448e38221f","groupId":"7602c5a7-7f8e-4fec-99be-51448e38221f","assetId":"american-flights-api","version":"1.0.2","metadata":{"branchId":"master","commitId":"dcdec3e46f014718cfdb6ba77c5774e2f3176b5d","projectId":"d63e5887-3c07-48f4-be9c-d57660674f02"},"apiVersion":"v1","classifier":"raml","dependencies":[{"assetId":"training-american-flight-data-type","groupId":"68ef9520-24e9-4cf2-b2f5-620025690913","version":"1.0.1"},{"assetId":"training-american-flights-example","groupId":"68ef9520-24e9-4cf2-b2f5-620025690913","version":"1.0.1"}],"tags":[],"originalFormatVersion":"1.0"}